{"name":"datafiniti_breweries-brew-pubs-in-the-usa","title":"Breweries & Brew Pubs in the USA","description":"A list of over 7,000 breweries and brewpubs in the USA.\n\n# About This Data\nThis is a list of over 7,000 breweries and brewpubs in the USA provided by [Datafiniti's Business Database](https://datafiniti.co/products/business-data/). The dataset includes the category, name, address, city, state, and more for each listing. \n\n*Note that this is a sample of a large dataset. The full dataset is available through Datafiniti.*\n\n# What You Can Do with This Data\nYou can use this geographical and categorical information for business locations to [determine which cities and states have the most breweries](https://datafiniti.co/craft-beer-popular-america/). E.g.: \n\n* What is the number of breweries in each state?\n* What are the cities with the most breweries per person?\n* What are the states with the most breweries per person?\n* What are the top cities for breweries?\n* What are the top states for breweries?\n* What industry categories are typically grouped with breweries?\n\n# Data Schema\nA full schema for the data is available in our [support documentation](https://datafiniti-api.readme.io/docs/business-data-schema).\n\n# About Datafiniti\nDatafiniti provides instant access to web data.  We compile data from thousands of websites to create standardized databases of business, product, and property information.  [Learn more](https://datafiniti.co).\n\n# Interested in the Full Dataset?\nGet this data and more by [creating a free Datafiniti account](https://datafiniti.co/pricing/business-data-pricing/) or [requesting a demo](https://datafiniti.co/request-a-demo/).","homepage":"https://data.world/datafiniti/breweries-brew-pubs-in-the-usa","license":"CC BY-NC-SA","resources":[{"name":"8260_1","schema":{"fields":[{"name":"id","title":"id","type":"string","rdfType":"http://www.w3.org/2001/XMLSchema#string","dwSourceId":"id"},{"name":"address","title":"address","type":"string","rdfType":"http://www.w3.org/2001/XMLSchema#string","dwSourceId":"address"},{"name":"categories","title":"categories","type":"string","rdfType":"http://www.w3.org/2001/XMLSchema#string","dwSourceId":"categories"},{"name":"city","title":"city","type":"string","rdfType":"http://www.w3.org/2001/XMLSchema#string","dwSourceId":"city"},{"name":"country","title":"country","type":"string","rdfType":"http://www.w3.org/2001/XMLSchema#string","dwSourceId":"country"},{"name":"hours","title":"hours","type":"string","rdfType":"http://www.w3.org/2001/XMLSchema#string","dwSourceId":"hours"},{"name":"keys","title":"keys","type":"string","rdfType":"http://www.w3.org/2001/XMLSchema#string","dwSourceId":"keys"},{"name":"latitude","title":"latitude","type":"number","rdfType":"http://www.w3.org/2001/XMLSchema#decimal","dwSourceId":"latitude"},{"name":"longitude","title":"longitude","type":"number","rdfType":"http://www.w3.org/2001/XMLSchema#decimal","dwSourceId":"longitude"},{"name":"menus","title":"menus","type":"string","rdfType":"http://www.w3.org/2001/XMLSchema#string","dwSourceId":"menus"},{"name":"name","title":"name","type":"string","rdfType":"http://www.w3.org/2001/XMLSchema#string","dwSourceId":"name"},{"name":"postalcode","title":"postalCode","type":"string","rdfType":"http://www.w3.org/2001/XMLSchema#string","dwSourceId":"postalcode"},{"name":"province","title":"province","type":"string","rdfType":"http://www.w3.org/2001/XMLSchema#string","dwSourceId":"province"},{"name":"twitter","title":"twitter","type":"string","rdfType":"http://www.w3.org/2001/XMLSchema#string","dwSourceId":"twitter"},{"name":"websites","title":"websites","type":"string","rdfType":"http://www.w3.org/2001/XMLSchema#anyURI","dwSourceId":"websites"},{"name":"location","title":" Location","type":"string","rdfType":"http://www.opengis.net/ont/OGC-GeoSPARQL/1.0/Point","dwSourceId":"location"}]},"path":"data/8260_1.csv","format":"csv"},{"name":"original/8260_1.csv","path":"original/8260_1.csv","format":"csv","mediatype":"text/csv","bytes":21225506}],"keywords":["beer","breweries","businesses"]}